{
    "id": "20230616_153032_93_2479",
    "type": "Feature",
    "geometry": {
        "type": "Polygon",
        "coordinates": [
            [
                [
                    -75.72517255879262,
                    36.224586404103825
                ],
                [
                    -75.71435527622552,
                    36.22267424742457
                ],
                [
                    -75.71396379536593,
                    36.17957870408613
                ],
                [
                    -75.76956222282277,
                    36.17923420903883
                ],
                [
                    -75.77000356064367,
                    36.22430832877099
                ],
                [
                    -75.72517255879262,
                    36.224586404103825
                ]
            ]
        ]
    },
    "properties": {
        "acquired": "2023-06-16T15:30:32.935833Z",
        "anomalous_pixels": 0,
        "clear_confidence_percent": 81,
        "clear_percent": 100,
        "cloud_cover": 0.0,
        "cloud_percent": 0,
        "ground_control": true,
        "gsd": 3.7,
        "heavy_haze_percent": 0,
        "instrument": "PSB.SD",
        "item_type": "PSScene",
        "light_haze_percent": 0,
        "pixel_resolution": 3,
        "provider": "planetscope",
        "published": "2023-06-17T02:29:43Z",
        "publishing_stage": "finalized",
        "quality_category": "standard",
        "satellite_azimuth": 105,
        "satellite_id": "2479",
        "shadow_percent": 0,
        "snow_ice_percent": 0,
        "strip_id": "6582875",
        "sun_azimuth": 116,
        "sun_elevation": 66.2,
        "updated": "2023-06-17T09:58:37Z",
        "view_angle": 1.6,
        "visible_confidence_percent": 81,
        "visible_percent": 100
    }
}