{"htl1": [NaN, NaN, NaN], "htl2": [NaN, NaN, NaN], "htl3": [NaN, NaN, NaN], "htl4": [NaN, NaN, NaN], "htl5": [NaN, NaN, NaN], "htl6": [NaN, NaN, NaN], "htl7": [NaN, NaN, NaN], "htl8": [NaN, NaN, NaN], "htl9": [NaN, NaN, NaN], "htl10": [NaN, NaN, NaN], "htl11": [NaN, NaN, NaN], "htl12": [NaN, NaN, NaN], "htl13": [NaN, NaN, NaN], "htl14": [NaN, NaN, NaN], "htl15": [NaN, NaN, NaN], "htl16": [NaN, NaN, NaN], "htl17": [NaN, NaN, NaN], "htl18": [NaN, NaN, NaN], "htl19": [NaN, NaN, NaN], "htl20": [NaN, NaN, NaN], "htl21": [NaN, NaN, NaN], "htl22": [NaN, NaN, NaN], "htl23": [NaN, NaN, NaN], "htl24": [NaN, NaN, NaN], "htl25": [NaN, NaN, NaN], "htl26": [NaN, NaN, NaN], "htl27": [NaN, NaN, NaN], "htl28": [NaN, NaN, NaN], "htl29": [NaN, NaN, NaN], "htl30": [NaN, NaN, NaN], "htl31": [NaN, NaN, NaN], "htl32": [NaN, NaN, NaN], "htl33": [NaN, NaN, NaN], "htl34": [NaN, NaN, NaN], "htl35": [NaN, NaN, NaN], "htl36": [NaN, NaN, NaN], "htl37": [NaN, NaN, NaN], "htl38": [NaN, NaN, NaN], "htl39": [NaN, NaN, NaN], "htl40": [NaN, NaN, NaN], "htl41": [NaN, NaN, NaN], "htl42": [NaN, NaN, NaN], "htl43": [NaN, NaN, NaN], "htl44": [NaN, NaN, NaN], "htl45": [NaN, NaN, NaN], "htl46": [NaN, NaN, NaN], "htl47": [NaN, NaN, NaN], "htl48": [NaN, NaN, NaN], "htl49": [NaN, NaN, NaN], "htl50": [NaN, NaN, NaN], "htl51": [NaN, NaN, NaN], "htl52": [NaN, NaN, NaN], "htl53": [NaN, NaN, NaN], "htl54": [NaN, NaN, NaN], "htl55": [NaN, NaN, NaN], "htl56": [NaN, NaN, NaN], "htl57": [NaN, NaN, NaN], "htl58": [NaN, NaN, NaN], "htl59": [NaN, NaN, NaN], "htl60": [NaN, NaN, NaN], "htl61": [NaN, NaN, NaN], "htl62": [NaN, NaN, NaN], "htl63": [NaN, NaN, NaN], "htl64": [NaN, NaN, NaN], "htl65": [NaN, NaN, NaN], "htl66": [NaN, NaN, NaN], "htl67": [NaN, NaN, NaN], "htl68": [NaN, NaN, NaN], "htl69": [NaN, NaN, NaN], "htl70": [NaN, NaN, NaN], "htl71": [NaN, NaN, NaN], "htl72": [NaN, NaN, NaN], "htl73": [NaN, NaN, NaN], "htl74": [NaN, NaN, NaN], "htl75": [NaN, NaN, NaN], "htl76": [NaN, NaN, NaN], "htl77": [NaN, NaN, NaN], "htl78": [NaN, NaN, NaN], "htl79": [NaN, NaN, NaN], "htl80": [NaN, NaN, NaN], "htl81": [NaN, NaN, NaN], "htl82": [NaN, NaN, NaN], "htl83": [NaN, NaN, NaN], "htl84": [NaN, NaN, NaN], "htl85": [NaN, NaN, NaN], "htl86": [NaN, NaN, NaN], "htl87": [NaN, NaN, NaN], "htl88": [NaN, NaN, NaN], "htl89": [NaN, NaN, NaN], "htl90": [NaN, NaN, NaN], "htl91": [NaN, NaN, NaN], "htl92": [NaN, NaN, NaN], "htl93": [NaN, NaN, NaN], "htl94": [NaN, NaN, NaN], "htl95": [NaN, NaN, NaN], "htl96": [NaN, NaN, NaN], "htl97": [NaN, NaN, NaN], "htl98": [NaN, NaN, NaN], "htl99": [NaN, NaN, NaN], "htl100": [NaN, NaN, NaN], "htl101": [NaN, NaN, NaN], "htl102": [NaN, NaN, NaN], "htl103": [NaN, NaN, NaN], "htl104": [NaN, NaN, NaN], "htl105": [NaN, NaN, NaN], "htl106": [NaN, NaN, NaN], "htl107": [NaN, NaN, NaN], "htl108": [NaN, NaN, NaN], "htl109": [NaN, NaN, NaN], "htl110": [NaN, NaN, NaN], "htl111": [NaN, NaN, NaN], "htl112": [NaN, NaN, NaN], "htl113": [NaN, NaN, NaN], "htl114": [NaN, NaN, NaN], "htl115": [NaN, NaN, NaN], "htl116": [NaN, NaN, NaN], "htl117": [NaN, NaN, NaN], "htl118": [NaN, NaN, NaN], "htl119": [NaN, NaN, NaN], "htl120": [NaN, NaN, NaN], "htl121": [NaN, NaN, NaN], "htl122": [NaN, NaN, NaN], "htl123": [NaN, NaN, NaN], "htl124": [NaN, NaN, NaN], "htl125": [NaN, NaN, NaN], "htl126": [NaN, NaN, NaN], "htl127": [NaN, NaN, NaN], "htl128": [NaN, NaN, NaN], "htl129": [NaN, NaN, NaN], "htl130": [NaN, NaN, NaN], "htl131": [NaN, NaN, NaN], "htl132": [NaN, NaN, NaN], "htl133": [NaN, NaN, NaN], "htl134": [NaN, NaN, NaN], "htl135": [NaN, NaN, NaN], "htl136": [NaN, NaN, NaN], "htl137": [NaN, NaN, NaN], "htl138": [NaN, NaN, NaN], "htl139": [NaN, NaN, NaN], "htl140": [NaN, NaN, NaN], "htl141": [NaN, NaN, NaN], "htl142": [NaN, NaN, NaN], "htl143": [NaN, NaN, NaN], "htl144": [NaN, NaN, NaN], "htl145": [NaN, NaN, NaN], "htl146": [NaN, NaN, NaN], "htl147": [NaN, NaN, NaN], "htl148": [NaN, NaN, NaN], "htl149": [NaN, NaN, NaN], "htl150": [NaN, NaN, NaN], "htl151": [NaN, NaN, NaN], "htl152": [NaN, NaN, NaN], "htl153": [NaN, NaN, NaN], "htl154": [NaN, NaN, NaN], "htl155": [NaN, NaN, NaN], "htl156": [NaN, NaN, NaN], "htl157": [NaN, NaN, NaN], "htl158": [NaN, NaN, NaN], "htl159": [57.147870882727474, 57.149037666864636, 61.893037513310134], "htl160": [55.33703921798316, 55.33981176747745, 60.08156469562208], "htl161": [55.33703921798316, 55.33981176747745, 60.08156469562208], "htl162": [55.33703921798316, 55.33981176747745, 60.08156469562208], "htl163": [54.33154939605061, 56.22644509160829, 59.074177275609244], "htl164": [54.33154939605061, 56.22644509160829, 59.074177275609244], "htl165": [48.69563144286038, 53.93246240467896, 59.626376270897374], "htl166": [48.69563144286038, 53.93246240467896, 59.626376270897374], "htl167": [48.69563144286038, 53.93246240467896, 59.626376270897374], "htl168": [54.14281729556574, 62.632426428176245, 66.92216176153175], "htl169": [54.14281729556574, 62.632426428176245, 66.92216176153175], "htl170": [60.26122866297761, 72.58331839556232, 73.55079938926464], "htl171": [67.36436816077104, 85.3731361838398, 85.83317520385734], "htl172": [351.2233553532831, 83.59049741712552, 88.32270210219838], "htl173": [54.192754345327224, 67.47678539500043, 68.4227773177186], "htl174": [47.01222894391903, 59.816055601498014, 57.94057492569325], "htl175": [54.544450500212456, 62.21213527509092, 59.28773301216417], "htl176": [54.544450500212456, 62.21213527509092, 59.28773301216417], "htl177": [54.544450500212456, 62.21213527509092, 59.28773301216417], "htl178": [54.544450500212456, 62.21213527509092, 59.28773301216417], "htl179": [65.00647639763972, 70.09172756809552, 70.29221323944299], "htl180": [56.5580502125799, 63.87330119409674, 66.24490487048233], "htl181": [55.403400688503325, 64.76726280922512, 62.87979458981144], "htl182": [58.467073027794356, 71.83328759927937, 65.04331649105174], "htl183": [62.67289839920767, 74.3051176673128, 64.81899087921946], "htl184": [63.11485979230693, 75.3968209370294, 67.4645841445146], "htl185": [58.82393356317801, 84.42249147640811, 71.62321251979307], "htl186": [65.68020468274182, 84.40249026798236, 71.7918138971989], "htl187": [69.1747355901509, 81.59683807099825, 72.18686892741314], "htl188": [70.18637847208186, 85.52501903198709, 76.72041440400156], "htl189": [68.19959170670667, 81.40292758393065, 75.80476688430745], "htl190": [70.6336663173603, 84.4115723269893, 80.51955279981397], "htl191": [66.97937699150097, 87.64059975629496, 81.793338400576], "htl192": [69.7445769725374, 87.2778200980471, 80.11906743148742], "htl193": [75.32143053512388, 92.78885667146821, 81.94016939872955], "htl194": [76.45097624116762, 91.34799433909318, 79.45335380458148], "htl195": [74.74059048005488, 88.47041915391642, 79.42698878001862], "htl196": [76.74845082316386, 87.72458738195914, 82.69285623334184], "htl197": [87.71420971776061, 93.96768566270937, 93.84732041561247], "htl198": [88.28432686268631, 102.0107124310587, 101.63619579228273], "htl199": [83.55848595550553, 105.74945107862791, 108.42633786365738], "htl200": [79.40529327249328, 100.50883520428363, 104.11476033774773], "htl201": [76.48848409701384, 94.6578913945072, 95.59234590891386], "htl202": [80.01075478978112, 96.17388700817534, 95.01957300630633], "htl203": [76.55645567244844, 98.68950750176705, 95.5442924020348], "htl204": [74.55562521007668, 92.66239542697642, 88.85443523899298], "htl205": [79.34225070819619, 94.07010178323344, 91.27243829509666], "htl206": [76.86258510798613, 88.47278244738904, 84.63920382984766], "htl207": [76.56157748490132, 87.70801513090689, 83.70784197576384], "htl208": [74.07417317536293, 89.22134323095369, 84.7198832866959], "htl209": [69.26420676352683, 82.70548275167997, 82.70548275167997], "htl210": [72.85777678449651, 86.5772118374405, 86.91615612194512], "htl211": [76.61099251721504, 87.01973671225855, 87.96063417942887], "htl212": [75.21692634178069, 86.78201687548943, 86.63888216629346], "htl213": [77.09037387419644, 85.3580227602481, 84.86662301562819], "htl214": [85.51169365788695, 92.23996449415671, 91.23661477451103], "htl215": [71.72769419687403, 73.99239406177303, 73.52984210942628], "htl216": [87.12634035058713, 92.73691232125519, 89.2327377238177], "htl217": [88.5999459154974, 97.08313142532228, 88.84108441458355], "htl218": [85.94026564005569, 95.97921395732361, 88.36711173822448], "htl219": [89.24277154591111, 102.65618627647743, 90.9287105501283], "htl220": [93.1146620729413, 106.85525421983665, 94.87933610200722], "htl221": [86.76277456799325, 98.34970071556056, 93.32149636304052], "htl222": [81.044939305991, 95.87447847176747, 89.75251619317821], "htl223": [64.98282995787659, 80.09835974433557, 75.45604260850855], "htl224": [63.95478085243633, 79.07510746698841, 73.81112376980488], "htl225": [63.95478085243633, 79.07510746698841, 73.81112376980488], "htl226": [63.95478085243633, 79.07510746698841, 73.81112376980488], "htl227": [73.80533201833171, 86.96486781532747, 82.69128644919888], "htl228": [72.28306009880282, 85.21782765619886, 77.24136731573091], "htl229": [71.68013279726588, 84.51439143063178, 77.32887650438674], "htl230": [70.013855627267, 80.601968439678, 76.05091563343541], "htl231": [70.013855627267, 80.601968439678, 76.05091563343541], "htl232": [70.37671299670359, 76.89214085680754, 77.69317110691867], "htl233": [67.48336173285881, 79.8007070218573, 82.48308981929127], "htl234": [72.47589018856007, 81.98351248755618, 89.41180623656967], "htl235": [71.0626772650566, 81.51195525460565, 90.08850218538099], "htl236": [66.63522909637031, 76.14980266633525, 81.83901348331477], "htl237": [66.63522909637031, 76.14980266633525, 81.83901348331477], "htl238": [71.62623753738431, 82.02855063868994, 84.73388185702322], "htl239": [71.62623753738431, 82.02855063868994, 84.73388185702322], "htl240": [74.05655446306864, 85.47170121881032, 86.88933031651041], "htl241": [76.28448299353542, 83.87206462568801, 86.70058271502185], "htl242": [76.28448299353542, 83.87206462568801, 86.70058271502185], "htl243": [80.18462673977135, 84.92947372135906, 86.82273926242691], "htl244": [80.04602300806569, 84.81802118208837, 87.59708757754638], "htl245": [75.21050804427443, 83.71631020502481, 85.6244343671805], "htl246": [75.21050804427443, 83.71631020502481, 85.6244343671805], "htl247": [76.66073534312586, 83.77577934883149, 87.13228671802698], "htl248": [74.51933303288705, 77.46369670818325, 84.91291052801228], "htl249": [74.51933303288705, 77.46369670818325, 84.91291052801228], "htl250": [87.71660821372262, 84.3185716010112, 92.90829202429353], "htl251": [79.1184416154862, 80.53698125248229, 89.89069872440278], "htl252": [78.13552581659536, 82.15639965301986, 90.6117330155748], "htl253": [62.42575206166366, 73.32844489172243, 79.08853434448105], "htl254": [56.71042311623455, 67.40845085669233, 68.18118342111566], "htl255": [56.90499906487368, 71.71682868412077, 71.63255209047631], "htl256": [56.90499906487368, 71.71682868412077, 71.63255209047631], "htl257": [56.90499906487368, 71.71682868412077, 71.63255209047631], "htl258": [58.890992304650425, 70.24430861233338, 67.5608207084339], "htl259": [58.890992304650425, 70.24430861233338, 67.5608207084339], "htl260": [58.890992304650425, 70.24430861233338, 67.5608207084339], "htl261": [60.143218773824515, 72.29230157694232, 67.17562919052642], "htl262": [60.143218773824515, 72.29230157694232, 67.17562919052642], "htl263": [60.143218773824515, 72.29230157694232, 67.17562919052642], "htl264": [59.51743948821778, 67.78494566925997, 65.78756829562397], "htl265": [56.96525614322444, 68.49868254047536, 68.75530295551644], "htl266": [61.74187933970863, 77.6684277457144, 74.44652373362031], "htl267": [51.965317301478905, 67.00133992476242, 65.30034013832284], "htl268": [51.913032746083545, 62.47780736159862, 61.555697836775515], "htl269": [51.913032746083545, 62.47780736159862, 61.555697836775515], "htl270": [51.913032746083545, 62.47780736159862, 61.555697836775515], "htl271": [60.90115548712123, 68.98563955484032, 66.2620916773563], "htl272": [60.90115548712123, 68.98563955484032, 66.2620916773563], "htl273": [58.84497047999399, 69.81966893027104, 68.16061227558633], "htl274": [60.379239250337626, 73.6966788443064, 68.67785686743076], "htl275": [53.87343411481355, 68.13087684712939, 62.95526600780072], "htl276": [55.1992705696996, 67.6767809136241, 63.61412253958228], "htl277": [56.629910601847946, 71.32185064629276, 69.5840745552625], "htl278": [60.573575160332446, 73.3511869681592, 66.81495775813278], "htl279": [57.70298584122044, 67.05560496996941, 65.57473053064811], "htl280": [51.11285192613036, 60.709359554093936, 63.18318266163092], "htl281": [51.11285192613036, 60.709359554093936, 63.18318266163092], "htl282": [61.95388578881829, 68.96163068733699, 72.83760027749506], "htl283": [56.153643476644504, 67.46105968141005, 77.15215026969683], "htl284": [63.18488514790585, 72.44126493625096, 83.76844403877631], "htl285": [63.18488514790585, 72.44126493625096, 83.76844403877631], "htl286": [53.31274658248947, 62.023953572505434, 74.85832370722206], "htl287": [53.31274658248947, 62.023953572505434, 74.85832370722206], "htl288": [53.31274658248947, 62.023953572505434, 74.85832370722206], "htl289": [53.31274658248947, 62.023953572505434, 74.85832370722206], "htl290": [53.31274658248947, 62.023953572505434, 74.85832370722206], "htl291": [59.01704160182528, 64.15580720878907, 75.59984013874029], "htl292": [67.00605383249895, 64.68142101182035, 74.19271862974807], "htl293": [67.72278978655305, 64.14753436226006, 70.91552510572005], "htl294": [67.72278978655305, 64.14753436226006, 70.91552510572005], "htl295": [59.30094981631967, 60.712794047947376, 67.39296962491363], "htl296": [59.30094981631967, 60.712794047947376, 67.39296962491363], "htl297": [59.30094981631967, 60.712794047947376, 67.39296962491363], "htl298": [47.71709804252689, 52.69729461792227, 58.70983317193266], "htl299": [47.71709804252689, 52.69729461792227, 58.70983317193266], "htl300": [47.71709804252689, 52.69729461792227, 58.70983317193266], "htl301": [47.71709804252689, 52.69729461792227, 58.70983317193266], "htl302": [51.334444767350746, 53.15519948653823, 53.01665121116013], "htl303": [51.334444767350746, 53.15519948653823, 53.01665121116013], "htl304": [57.318182091844946, 54.77683050501613, 59.811879572623354], "htl305": [57.318182091844946, 54.77683050501613, 59.811879572623354], "htl306": [57.318182091844946, 54.77683050501613, 59.811879572623354]}